-- Leader_UA
-- Author: Bach Chiu
-- DateCreated: 5/18/2023 2:33:46 PM
--------------------------------------------------------------
--This is to define the project.
/*INSERT INTO Types
		(Type,						Kind			)
VALUES	('PROJECT_BACHIAN_ECONOMY',	'KIND_PROJECT'	);

INSERT INTO Projects
		(UnlocksfromEffect,
		AdvisorType,
		Cost,
		Description,
		ShortName,
		Name,
		ProjectType,
		PrereqDistrict)
VALUES
		(1,
		'ADVISOR_GENERIC',
		1,
		'LOC_PROJECT_BACHIAN_ECONOMY_DESCRIPTION',
		'LOC_PROJECT_BACHIAN_ECONOMY_SHORT_NAME',
		'LOC_PROJECT_BACHIAN_ECONOMY_NAME',
		'PROJECT_BACHIAN_ECONOMY',
		'DISTRICT_GOVERNMENT');

INSERT INTO ProjectCompletionModifiers
		(ProjectType,				ModifierId										)
VALUES	('PROJECT_BACHIAN_ECONOMY',	'PROJECT_COMPLETION_BACHIAN_ECONOMY_CULTURE'	),
		('PROJECT_BACHIAN_ECONOMY',	'PROJECT_COMPLETION_BACHIAN_ECONOMY_SCIENCE'	),
		('PROJECT_BACHIAN_ECONOMY',	'PROJECT_COMPLETION_BACHIAN_ECONOMY_FAITH'		);

INSERT INTO Modifiers
		(ModifierId,	
		ModifierType,	
		RunOnce,	
		Permanent)
VALUES	('PROJECT_COMPLETION_BACHIAN_ECONOMY_CULTURE',
		'MODIFIER_PLAYER_GRANT_YIELD_BASED_ON_CURRENT_YIELD_RATE',
		0,
		0),

		('PROJECT_COMPLETION_BACHIAN_ECONOMY_SCIENCE',
		'MODIFIER_PLAYER_GRANT_YIELD_BASED_ON_CURRENT_YIELD_RATE',
		0,
		0),

		('PROJECT_COMPLETION_BACHIAN_ECONOMY_FAITH',
		'MODIFIER_PLAYER_GRANT_YIELD_BASED_ON_CURRENT_YIELD_RATE',
		0,
		0);

INSERT INTO ModifierArguments
		(ModifierId,									Name,				Value			)
VALUES	('PROJECT_COMPLETION_BACHIAN_ECONOMY_CULTURE',	'YieldToGrant',		'YIELD_CULTURE'	),
		('PROJECT_COMPLETION_BACHIAN_ECONOMY_CULTURE',	'YieldToBaseOn',	'YIELD_GOLD'	),
		('PROJECT_COMPLETION_BACHIAN_ECONOMY_CULTURE',	'Multiplier',		0.2				),
		('PROJECT_COMPLETION_BACHIAN_ECONOMY_SCIENCE',	'YieldToGrant',		'YIELD_SCIENCE'	),
		('PROJECT_COMPLETION_BACHIAN_ECONOMY_SCIENCE',	'YieldToBaseOn',	'YIELD_GOLD'	),
		('PROJECT_COMPLETION_BACHIAN_ECONOMY_SCIENCE',	'Multiplier',		0.2				),
		('PROJECT_COMPLETION_BACHIAN_ECONOMY_FAITH',	'YieldToGrant',		'YIELD_FAITH'	),
		('PROJECT_COMPLETION_BACHIAN_ECONOMY_FAITH',	'YieldToBaseOn',	'YIELD_GOLD'	),
		('PROJECT_COMPLETION_BACHIAN_ECONOMY_FAITH',	'Multiplier',		0.2				);*/

INSERT INTO Types
		(Type,						Kind			)
VALUES	('PROJECT_BACHIAN_ECONOMY',	'KIND_PROJECT'	);

INSERT INTO Projects
		(UnlocksfromEffect,
		AdvisorType,
		Cost,
		CostProgressionModel,
		CostProgressionParam1,
		Description,
		ShortName,
		Name,
		ProjectType,
		PrereqDistrict)
VALUES
		(1,
		'ADVISOR_GENERIC',
		50,
		'COST_PROGRESSION_GAME_PROGRESS',
		3500,
		'LOC_PROJECT_BACHIAN_ECONOMY_DESCRIPTION',
		'LOC_PROJECT_BACHIAN_ECONOMY_SHORT_NAME',
		'LOC_PROJECT_BACHIAN_ECONOMY_NAME',
		'PROJECT_BACHIAN_ECONOMY',
		'DISTRICT_GOVERNMENT');

INSERT INTO ProjectCompletionModifiers
		(ProjectType,					ModifierId									)
VALUES	('PROJECT_BACHIAN_ECONOMY',		'PROJECT_COMPLETION_BACHIAN_ECONOMY_GOLD'	),
		('PROJECT_BACHIAN_ECONOMY',		'PROJECT_COMPLETION_BACHIAN_ECONOMY_GPP'	),
		('PROJECT_BACHIAN_ECONOMY',		'PROJECT_COMPLETION_BACHIAN_ECONOMY_HOUSING'),
		('PROJECT_BACHIAN_ECONOMY',		'PROJECT_COMPLETION_BACHIAN_ECONOMY_AMENITY'),
		('PROJECT_BACHIAN_ECONOMY',		'PROJECT_COMPLETION_BACHIAN_ECONOMY_CARBON'	),
		('PROJECT_BACHIAN_ECONOMY',		'PROJECT_COMPLETION_BACHIAN_ECONOMY_POP_FAITH'),
		('PROJECT_BACHIAN_ECONOMY',		'PROJECT_COMPLETION_BACHIAN_ECONOMY_POP_SCIENCE'),
		('PROJECT_BACHIAN_ECONOMY',		'PROJECT_COMPLETION_BACHIAN_ECONOMY_POP_CULTURE'),
		('PROJECT_BACHIAN_ECONOMY',		'PROJECT_COMPLETION_BACHIAN_ECONOMY_ENVOY'	),
		('PROJECT_BACHIAN_ECONOMY',		'PROJECT_COMPLETION_BACHIAN_ECONOMY_ROUTE'	);

INSERT INTO Modifiers
		(ModifierId,	
		ModifierType)
VALUES	('PROJECT_COMPLETION_BACHIAN_ECONOMY_GOLD',
		'MODIFIER_SINGLE_CITY_ADJUST_CITY_YIELD_MODIFIER'),
		('PROJECT_COMPLETION_BACHIAN_ECONOMY_GPP',
		'MODIFIER_BACHIAN_CITY_GPP'),
		('PROJECT_COMPLETION_BACHIAN_ECONOMY_HOUSING',
		'MODIFIER_BACHIAN_CITY_HOUSING'),
		('PROJECT_COMPLETION_BACHIAN_ECONOMY_AMENITY',
		'MODIFIER_BACHIAN_CITY_AMENITY'),
		('PROJECT_COMPLETION_BACHIAN_ECONOMY_CARBON',
		'MODIFIER_BACHIAN_CITY_CARBON'),
		('PROJECT_COMPLETION_BACHIAN_ECONOMY_ROUTE',
		'MODIFIER_PLAYER_ADJUST_TRADE_ROUTE_CAPACITY'),
		('PROJECT_COMPLETION_BACHIAN_ECONOMY_POP_FAITH',
		'MODIFIER_BACHIAN_CITY_POPULATION_YIELD'),
		('PROJECT_COMPLETION_BACHIAN_ECONOMY_POP_SCIENCE',
		'MODIFIER_BACHIAN_CITY_POPULATION_YIELD'),
		('PROJECT_COMPLETION_BACHIAN_ECONOMY_ENVOY',
		'MODIFIER_PLAYER_GRANT_INFLUENCE_TOKEN'),
		('PROJECT_COMPLETION_BACHIAN_ECONOMY_POP_CULTURE',
		'MODIFIER_BACHIAN_CITY_POPULATION_YIELD');

INSERT OR REPLACE INTO ModifierArguments
		(ModifierId,									Name,			Value		)
VALUES	('PROJECT_COMPLETION_BACHIAN_ECONOMY_ROUTE',	'Amount',		1			),
		('PROJECT_COMPLETION_BACHIAN_ECONOMY_GPP',		'Amount',		20			),
		('PROJECT_COMPLETION_BACHIAN_ECONOMY_GOLD',		'YieldType',	'YIELD_GOLD'),
		('PROJECT_COMPLETION_BACHIAN_ECONOMY_HOUSING',	'Amount',		1			),
		('PROJECT_COMPLETION_BACHIAN_ECONOMY_AMENITY',	'Amount',		1			),
		('PROJECT_COMPLETION_BACHIAN_ECONOMY_CARBON',	'Amount',		20000		),
		('PROJECT_COMPLETION_BACHIAN_ECONOMY_GOLD',		'Amount',		10			),
		('PROJECT_COMPLETION_BACHIAN_ECONOMY_POP_FAITH',	'Amount',	0.2			),
		('PROJECT_COMPLETION_BACHIAN_ECONOMY_POP_FAITH',	'YieldType',	'YIELD_FAITH'),
		('PROJECT_COMPLETION_BACHIAN_ECONOMY_POP_SCIENCE',	'Amount',	0.2			),
		('PROJECT_COMPLETION_BACHIAN_ECONOMY_POP_SCIENCE',	'YieldType',	'YIELD_SCIENCE'),
		('PROJECT_COMPLETION_BACHIAN_ECONOMY_ENVOY',		'Amount',	1			),
		('PROJECT_COMPLETION_BACHIAN_ECONOMY_POP_CULTURE',	'Amount',	0.2			),
		('PROJECT_COMPLETION_BACHIAN_ECONOMY_POP_CULTURE',	'YieldType',	'YIELD_CULTURE');


--District purchase new modifiers
INSERT INTO Types
		(Type,													Kind			)
VALUES	('MODIFIER_PLAYER_CAN_PURCHASE_DISTRICTS',				'KIND_MODIFIER'	),
		('MODIFIER_BACHIAN_CITY_DISTRICT_PURCHASE_COST',		'KIND_MODIFIER'	),
		('MODIFIER_BACHIAN_CITY_HOUSING',						'KIND_MODIFIER'	),
		('MODIFIER_BACHIAN_CITY_GPP',							'KIND_MODIFIER'	),
		('MODIFIER_BACHIAN_CITY_AMENITY',						'KIND_MODIFIER'	),
		('MODIFIER_BACHIAN_CITY_CARBON',						'KIND_MODIFIER'	),
		('MODIFIER_BACHIAN_CITY_DISTRICT_PRODUCTION_MODIFIER',	'KIND_MODIFIER'	),
		('MODIFIER_BACHIAN_CITY_POPULATION_YIELD',				'KIND_MODIFIER'	);

INSERT INTO DynamicModifiers
		(ModifierType,											CollectionType,						EffectType									)
VALUES	('MODIFIER_PLAYER_CAN_PURCHASE_DISTRICTS',				'COLLECTION_PLAYER_CAPITAL_CITY',	'EFFECT_ADJUST_CITY_CAN_PURCHASE_DISTRICTS'	),
		('MODIFIER_BACHIAN_CITY_DISTRICT_PRODUCTION_MODIFIER',	'COLLECTION_PLAYER_CITIES',			'EFFECT_ADJUST_ALL_DISTRICT_PRODUCTION_MODIFIER'),
		('MODIFIER_BACHIAN_CITY_GPP',							'COLLECTION_PLAYER_CAPITAL_CITY',	'EFFECT_ADJUST_CITY_GREAT_PERSON_POINTS_MODIFIER'),
		('MODIFIER_BACHIAN_CITY_HOUSING',						'COLLECTION_PLAYER_CAPITAL_CITY',	'EFFECT_ADJUST_POLICY_HOUSING'),
		('MODIFIER_BACHIAN_CITY_AMENITY',						'COLLECTION_PLAYER_CAPITAL_CITY',	'EFFECT_ADJUST_POLICY_AMENITY'),
		('MODIFIER_BACHIAN_CITY_CARBON',						'COLLECTION_OWNER',					'EFFECT_ADD_PLAYER_SEQUESTERED_CARBON'),
		('MODIFIER_BACHIAN_CITY_DISTRICT_PURCHASE_COST',		'COLLECTION_PLAYER_CITIES',			'EFFECT_ADJUST_ALL_DISTRICTS_PURCHASE_COST'),
		('MODIFIER_BACHIAN_CITY_POPULATION_YIELD',				'COLLECTION_PLAYER_CAPITAL_CITY',	'EFFECT_ADJUST_CITY_YIELD_PER_POPULATION');

--The actual leader part
INSERT INTO Types
		(Type,								Kind		)
VALUES	('TRAIT_LEADER_BC_BACHIAN_ECONOMY',	'KIND_TRAIT');

INSERT INTO Traits
		(TraitType,							Name,										Description)
VALUES	('TRAIT_LEADER_BC_BACHIAN_ECONOMY',	'LOC_TRAIT_LEADER_BC_BACHIAN_ECONOMY_NAME',	'LOC_TRAIT_LEADER_BC_BACHIAN_ECONOMY_DESCRIPTION');

INSERT INTO LeaderTraits
		(LeaderType,		TraitType							)
VALUES	('LEADER_BC_BACH',	'TRAIT_LEADER_BC_BACHIAN_ECONOMY'	);

INSERT INTO TraitModifiers
		(TraitType,								ModifierId								)
VALUES	('TRAIT_LEADER_BC_BACHIAN_ECONOMY',		'BACHIAN_ECONOMY_PROJECT'				),
		('TRAIT_LEADER_BC_BACHIAN_ECONOMY',		'BACHIAN_ECONOMY_DISTRICT_PURCHASE'		),
		('TRAIT_LEADER_BC_BACHIAN_ECONOMY',		'BACHIAN_ECONOMY_GOLD_FROM_ROUTE_LENGTH'),
		('TRAIT_LEADER_BC_BACHIAN_ECONOMY',		'BACHIAN_ECONOMY_FAITH_BASED_ON_GOLD'	),
		('TRAIT_LEADER_BC_BACHIAN_ECONOMY',		'BACHIAN_ECONOMY_SCIENCE_BASED_ON_GOLD'	),
		('TRAIT_LEADER_BC_BACHIAN_ECONOMY',		'BACHIAN_ECONOMY_CULTURE_BASED_ON_GOLD'	),
		--('TRAIT_LEADER_BC_BACHIAN_ECONOMY',	'BACHIAN_ECONOMY_SCIENCE_FROM_ROUTE_LENGTH'),
		--('TRAIT_LEADER_BC_BACHIAN_ECONOMY',	'BACHIAN_ECONOMY_CULTURE_FROM_ROUTE_LENGTH'),
		('TRAIT_LEADER_BC_BACHIAN_ECONOMY',		'BACHIAN_ECONOMY_FOOD_FROM_ROUTE_LENGTH'),
		('TRAIT_LEADER_BC_BACHIAN_ECONOMY',		'BACHIAN_ECONOMY_PRODUCTION_FROM_ROUTE_LENGTH'),
		('TRAIT_LEADER_BC_BACHIAN_ECONOMY',		'BACHIAN_ECONOMY_OPM_TRAIT_FOOD'),
		('TRAIT_LEADER_BC_BACHIAN_ECONOMY',		'BACHIAN_ECONOMY_OPM_TRAIT_PRODUCTION'),
		('TRAIT_LEADER_BC_BACHIAN_ECONOMY',		'BACHIAN_ECONOMY_OPM_TRAIT_CULTURE'),
		('TRAIT_LEADER_BC_BACHIAN_ECONOMY',		'BACHIAN_ECONOMY_OPM_TRAIT_SCIENCE'),
		('TRAIT_LEADER_BC_BACHIAN_ECONOMY',		'BACHIAN_ECONOMY_OPM_TRAIT_FAITH'),
		('TRAIT_LEADER_BC_BACHIAN_ECONOMY',		'BACHIAN_ECONOMY_OPM_TRAIT_GOLD'),
		('TRAIT_LEADER_BC_BACHIAN_ECONOMY',		'BACHIAN_ECONOMY_OPM_TRAIT_2'),
		('TRAIT_LEADER_BC_BACHIAN_ECONOMY',		'BACHIAN_ECONOMY_SETTLER_MOVEMENT'),
		('TRAIT_LEADER_BC_BACHIAN_ECONOMY',		'BACHIAN_ECONOMY_NO_SETTLER'),
		('TRAIT_LEADER_BC_BACHIAN_ECONOMY',		'BACHIAN_ECONOMY_GREAT_WORK_PALACE'),
		('TRAIT_LEADER_BC_BACHIAN_ECONOMY',		'BACHIAN_ECONOMY_TRADE_ROUTE_RANGE'),
		('TRAIT_LEADER_BC_BACHIAN_ECONOMY',		'BACHIAN_ECONOMY_OPM_TRAIT_3');
		--('TRAIT_LEADER_BC_BACHIAN_ECONOMY',	'BACHIAN_ECONOMY_FAITH_FROM_ROUTE_LENGTH');

INSERT INTO Modifiers
		(ModifierId,									ModifierType															)
VALUES	('BACHIAN_ECONOMY_PROJECT',						'MODIFIER_PLAYER_ALLOW_PROJECT_CHINA'									),
		('BACHIAN_ECONOMY_DISTRICT_PURCHASE',			'MODIFIER_PLAYER_CAN_PURCHASE_DISTRICTS'								),
		('BACHIAN_ECONOMY_GOLD_FROM_ROUTE_LENGTH',		'MODIFIER_PLAYER_ADJUST_TRADE_ROUTE_YIELD_PER_PATH_TILE'				),
		--('BACHIAN_ECONOMY_SCIENCE_FROM_ROUTE_LENGTH',	'MODIFIER_PLAYER_ADJUST_TRADE_ROUTE_YIELD_PER_PATH_TILE'				),
		--('BACHIAN_ECONOMY_CULTURE_FROM_ROUTE_LENGTH',	'MODIFIER_PLAYER_ADJUST_TRADE_ROUTE_YIELD_PER_PATH_TILE'				),
		('BACHIAN_ECONOMY_FOOD_FROM_ROUTE_LENGTH',		'MODIFIER_PLAYER_ADJUST_TRADE_ROUTE_YIELD_PER_PATH_TILE'				),
		('BACHIAN_ECONOMY_GREAT_WORK_PALACE',			'MODIFIER_PLAYER_CITIES_ADJUST_EXTRA_GREAT_WORK_SLOTS'					),
		('BACHIAN_ECONOMY_NO_SETTLER',					'MODIFIER_PLAYER_UNIT_BUILD_DISABLED'),
		('BACHIAN_ECONOMY_TRADE_ROUTE_RANGE',			'MODIFIER_PLAYER_ADJUST_TRADE_ROUTE_WATER_RANGE'),
		('BACHIAN_ECONOMY_PRODUCTION_FROM_ROUTE_LENGTH','MODIFIER_PLAYER_ADJUST_TRADE_ROUTE_YIELD_PER_PATH_TILE'				);
		--('BACHIAN_ECONOMY_FAITH_FROM_ROUTE_LENGTH',		'MODIFIER_PLAYER_ADJUST_TRADE_ROUTE_YIELD_PER_PATH_TILE');

INSERT INTO Modifiers
		(ModifierId,									ModifierType,															OwnerRequirementSetId,	RunOnce,	Permanent	)	
VALUES	('BACHIAN_ECONOMY_FAITH_BASED_ON_GOLD',			'MODIFIER_PLAYER_GRANT_YIELD_BASED_ON_CURRENT_YIELD_RATE',				'ON_TURN_STARTED',		0,			1			),
		('BACHIAN_ECONOMY_SCIENCE_BASED_ON_GOLD',		'MODIFIER_PLAYER_GRANT_YIELD_BASED_ON_CURRENT_YIELD_RATE',				'ON_TURN_STARTED',		0,			1			),
		('BACHIAN_ECONOMY_CULTURE_BASED_ON_GOLD',		'MODIFIER_PLAYER_GRANT_YIELD_BASED_ON_CURRENT_YIELD_RATE',				'ON_TURN_STARTED',		0,			1			);

INSERT INTO Modifiers
		(ModifierId,									ModifierType,															SubjectRequirementSetId)
VALUES	('BACHIAN_ECONOMY_OPM_TRAIT_SCIENCE',			'MODIFIER_PLAYER_CITIES_ADJUST_CITY_YIELD_MODIFIER_GRANCOLOMBIA_MAYA',	'OBJECT_IS_NOT_CAPITAL'),
		('BACHIAN_ECONOMY_OPM_TRAIT_CULTURE',			'MODIFIER_PLAYER_CITIES_ADJUST_CITY_YIELD_MODIFIER_GRANCOLOMBIA_MAYA',	'OBJECT_IS_NOT_CAPITAL'),
		('BACHIAN_ECONOMY_OPM_TRAIT_FOOD',				'MODIFIER_PLAYER_CITIES_ADJUST_CITY_YIELD_MODIFIER_GRANCOLOMBIA_MAYA',	'OBJECT_IS_NOT_CAPITAL'),
		('BACHIAN_ECONOMY_OPM_TRAIT_PRODUCTION',		'MODIFIER_PLAYER_CITIES_ADJUST_CITY_YIELD_MODIFIER_GRANCOLOMBIA_MAYA',	'OBJECT_IS_NOT_CAPITAL'),
		('BACHIAN_ECONOMY_OPM_TRAIT_FAITH',				'MODIFIER_PLAYER_CITIES_ADJUST_CITY_YIELD_MODIFIER_GRANCOLOMBIA_MAYA',	'OBJECT_IS_NOT_CAPITAL'),
		('BACHIAN_ECONOMY_OPM_TRAIT_GOLD',				'MODIFIER_PLAYER_CITIES_ADJUST_CITY_YIELD_MODIFIER_GRANCOLOMBIA_MAYA',	'OBJECT_IS_NOT_CAPITAL'),
		('BACHIAN_ECONOMY_OPM_TRAIT_2',					'MODIFIER_BACHIAN_CITY_DISTRICT_PRODUCTION_MODIFIER',					'OBJECT_IS_NOT_CAPITAL'),
		('BACHIAN_ECONOMY_SETTLER_MOVEMENT',			'MODIFIER_PLAYER_UNITS_ADJUST_MOVEMENT',								'UNIT_IS_SETTLER'      ),
		('BACHIAN_ECONOMY_OPM_TRAIT_3',					'MODIFIER_BACHIAN_CITY_DISTRICT_PURCHASE_COST',							'OBJECT_IS_NOT_CAPITAL');

INSERT INTO ModifierArguments
		(ModifierId,									Name,					Value						)
VALUES	('BACHIAN_ECONOMY_PROJECT',						'ProjectType',			'PROJECT_BACHIAN_ECONOMY'	),
		('BACHIAN_ECONOMY_DISTRICT_PURCHASE',			'CanPurchase',			1							),
		('BACHIAN_ECONOMY_GOLD_FROM_ROUTE_LENGTH',		'Amount',				1							),
		('BACHIAN_ECONOMY_GOLD_FROM_ROUTE_LENGTH',		'YieldType',			'YIELD_GOLD'				),
		('BACHIAN_ECONOMY_PRODUCTION_FROM_ROUTE_LENGTH','Amount',				0.20						),
		('BACHIAN_ECONOMY_PRODUCTION_FROM_ROUTE_LENGTH','YieldType',			'YIELD_PRODUCTION'			),
		('BACHIAN_ECONOMY_FOOD_FROM_ROUTE_LENGTH',		'Amount',				0.20						),
		('BACHIAN_ECONOMY_FOOD_FROM_ROUTE_LENGTH',		'YieldType',			'YIELD_FOOD'				),
		('BACHIAN_ECONOMY_FAITH_BASED_ON_GOLD',			'YieldToGrant',			'YIELD_FAITH'				),
		('BACHIAN_ECONOMY_FAITH_BASED_ON_GOLD',			'YieldToBaseOn',		'YIELD_GOLD'				),	
		('BACHIAN_ECONOMY_FAITH_BASED_ON_GOLD',			'Multiplier',			0.10						),
		('BACHIAN_ECONOMY_SCIENCE_BASED_ON_GOLD',		'YieldToGrant',			'YIELD_SCIENCE'				),
		('BACHIAN_ECONOMY_SCIENCE_BASED_ON_GOLD',		'YieldToBaseOn',		'YIELD_GOLD'				),	
		('BACHIAN_ECONOMY_SCIENCE_BASED_ON_GOLD',		'Multiplier',			0.10						),
		('BACHIAN_ECONOMY_CULTURE_BASED_ON_GOLD',		'YieldToGrant',			'YIELD_CULTURE'				),
		('BACHIAN_ECONOMY_CULTURE_BASED_ON_GOLD',		'YieldToBaseOn',		'YIELD_GOLD'				),	
		('BACHIAN_ECONOMY_CULTURE_BASED_ON_GOLD',		'Multiplier',			0.10						),
		('BACHIAN_ECONOMY_OPM_TRAIT_SCIENCE',			'YieldType',			'YIELD_SCIENCE' 			),
		('BACHIAN_ECONOMY_OPM_TRAIT_SCIENCE',			'Amount',				-1000						),
		('BACHIAN_ECONOMY_OPM_TRAIT_FOOD',				'YieldType',			'YIELD_FOOD'	 			),
		('BACHIAN_ECONOMY_OPM_TRAIT_FOOD',				'Amount',				-1000						),
		('BACHIAN_ECONOMY_OPM_TRAIT_PRODUCTION',		'YieldType',			'YIELD_PRODUCTION' 			),
		('BACHIAN_ECONOMY_OPM_TRAIT_PRODUCTION',		'Amount',				-1000						),
		('BACHIAN_ECONOMY_OPM_TRAIT_CULTURE',			'YieldType',			'YIELD_CULTURE' 			),
		('BACHIAN_ECONOMY_OPM_TRAIT_CULTURE',			'Amount',				-1000						),
		('BACHIAN_ECONOMY_OPM_TRAIT_FAITH',				'YieldType',			'YIELD_FAITH' 				),
		('BACHIAN_ECONOMY_OPM_TRAIT_FAITH',				'Amount',				-1000						),
		('BACHIAN_ECONOMY_OPM_TRAIT_GOLD',				'YieldType',			'YIELD_GOLD' 				),
		('BACHIAN_ECONOMY_OPM_TRAIT_GOLD',				'Amount',				-1000						),
		('BACHIAN_ECONOMY_OPM_TRAIT_2',					'Amount',				-1000						),
		('BACHIAN_ECONOMY_SETTLER_MOVEMENT',			'Amount',				500							),
		('BACHIAN_ECONOMY_GREAT_WORK_PALACE',			'BuildingType',			'BUILDING_PALACE'			),
		('BACHIAN_ECONOMY_GREAT_WORK_PALACE',			'GreatWorkSlotType',	'GREATWORKSLOT_PALACE'		),
		('BACHIAN_ECONOMY_GREAT_WORK_PALACE',			'Amount',				100							),
		('BACHIAN_ECONOMY_NO_SETTLER',					'UnitType',				'UNIT_SETTLER'				),
		('BACHIAN_ECONOMY_TRADE_ROUTE_RANGE',			'Amount',				60							),
		('BACHIAN_ECONOMY_OPM_TRAIT_3',					'Amount',				-1000000					);

		/*('BACHIAN_ECONOMY_SCIENCE_FROM_ROUTE_LENGTH',	'Amount',				0.2							),
		('BACHIAN_ECONOMY_SCIENCE_FROM_ROUTE_LENGTH',	'YieldType',			'YIELD_SCIENCE'				),
		('BACHIAN_ECONOMY_CULTURE_FROM_ROUTE_LENGTH',	'Amount',				0.2							),
		('BACHIAN_ECONOMY_CULTURE_FROM_ROUTE_LENGTH',	'YieldType',			'YIELD_CULTURE'				),
		('BACHIAN_ECONOMY_FAITH_FROM_ROUTE_LENGTH',		'Amount',				0.2							),
		('BACHIAN_ECONOMY_FAITH_FROM_ROUTE_LENGTH',		'YieldType',			'YIELD_FAITH'				);*/

INSERT INTO RequirementSets
		(RequirementSetId,				RequirementSetType			)
VALUES	('OBJECT_IS_NOT_CAPITAL',		'REQUIREMENTSET_TEST_ALL'	);

INSERT INTO RequirementSetRequirements
		(RequirementSetId,				RequirementId					)
VALUES	('OBJECT_IS_NOT_CAPITAL',		'REQUIRES_OBJECT_NOT_CAPITAL'	);

INSERT INTO Requirements
		(RequirementId,							RequirementType									)
VALUES	('REQUIRES_OBJECT_NOT_CAPITAL',			'REQUIREMENT_PLOT_NEAR_CAPITAL'					);

INSERT INTO RequirementArguments
		(RequirementId,							Name,						Value	)
VALUES	('REQUIRES_OBJECT_NOT_CAPITAL',			'MinDistance',				1		);



